date_time,date,hour,day_of_week,weekend_indicator,traffic_volume
2025-04-19 00:00:00,2025-04-19,0,Saturday,Weekend,5842
2025-04-19 01:00:00,2025-04-19,1,Saturday,Weekend,4056
2025-04-19 02:00:00,2025-04-19,2,Saturday,Weekend,3157
2025-04-19 03:00:00,2025-04-19,3,Saturday,Weekend,2591
2025-04-19 04:00:00,2025-04-19,4,Saturday,Weekend,2626
2025-04-19 05:00:00,2025-04-19,5,Saturday,Weekend,3676
2025-04-19 06:00:00,2025-04-19,6,Saturday,Weekend,6128
2025-04-19 07:00:00,2025-04-19,7,Saturday,Weekend,7833
2025-04-19 08:00:00,2025-04-19,8,Saturday,Weekend,10193
2025-04-19 09:00:00,2025-04-19,9,Saturday,Weekend,12428
2025-04-19 10:00:00,2025-04-19,10,Saturday,Weekend,14004
2025-04-19 11:00:00,2025-04-19,11,Saturday,Weekend,13559
2025-04-19 12:00:00,2025-04-19,12,Saturday,Weekend,14450
2025-04-19 13:00:00,2025-04-19,13,Saturday,Weekend,13690
2025-04-19 14:00:00,2025-04-19,14,Saturday,Weekend,14293
2025-04-19 15:00:00,2025-04-19,15,Saturday,Weekend,14481
2025-04-19 16:00:00,2025-04-19,16,Saturday,Weekend,14147
2025-04-19 17:00:00,2025-04-19,17,Saturday,Weekend,15153
2025-04-19 18:00:00,2025-04-19,18,Saturday,Weekend,14451
2025-04-19 19:00:00,2025-04-19,19,Saturday,Weekend,13656
2025-04-19 20:00:00,2025-04-19,20,Saturday,Weekend,12746
2025-04-19 21:00:00,2025-04-19,21,Saturday,Weekend,10831
2025-04-19 22:00:00,2025-04-19,22,Saturday,Weekend,11108
2025-04-19 23:00:00,2025-04-19,23,Saturday,Weekend,9912
2025-04-20 00:00:00,2025-04-20,0,Sunday,Weekend,6556
2025-04-20 01:00:00,2025-04-20,1,Sunday,Weekend,4445
2025-04-20 02:00:00,2025-04-20,2,Sunday,Weekend,3545
2025-04-20 03:00:00,2025-04-20,3,Sunday,Weekend,3007
2025-04-20 04:00:00,2025-04-20,4,Sunday,Weekend,2307
2025-04-20 05:00:00,2025-04-20,5,Sunday,Weekend,2993
2025-04-20 06:00:00,2025-04-20,6,Sunday,Weekend,4274
2025-04-20 07:00:00,2025-04-20,7,Sunday,Weekend,5154
2025-04-20 08:00:00,2025-04-20,8,Sunday,Weekend,7536
2025-04-20 09:00:00,2025-04-20,9,Sunday,Weekend,9415
2025-04-20 10:00:00,2025-04-20,10,Sunday,Weekend,12753
2025-04-20 11:00:00,2025-04-20,11,Sunday,Weekend,12543
2025-04-20 12:00:00,2025-04-20,12,Sunday,Weekend,14113
2025-04-20 13:00:00,2025-04-20,13,Sunday,Weekend,13438
2025-04-20 14:00:00,2025-04-20,14,Sunday,Weekend,13753
2025-04-20 15:00:00,2025-04-20,15,Sunday,Weekend,13478
2025-04-20 16:00:00,2025-04-20,16,Sunday,Weekend,13598
2025-04-20 17:00:00,2025-04-20,17,Sunday,Weekend,12724
2025-04-20 18:00:00,2025-04-20,18,Sunday,Weekend,13099
2025-04-20 19:00:00,2025-04-20,19,Sunday,Weekend,12522
2025-04-20 20:00:00,2025-04-20,20,Sunday,Weekend,11811
2025-04-20 21:00:00,2025-04-20,21,Sunday,Weekend,10997
2025-04-20 22:00:00,2025-04-20,22,Sunday,Weekend,8332
2025-04-20 23:00:00,2025-04-20,23,Sunday,Weekend,5653
2025-04-21 00:00:00,2025-04-21,0,Monday,Weekday,3933
2025-04-21 01:00:00,2025-04-21,1,Monday,Weekday,2434
2025-04-21 02:00:00,2025-04-21,2,Monday,Weekday,1814
2025-04-21 03:00:00,2025-04-21,3,Monday,Weekday,2052
2025-04-21 04:00:00,2025-04-21,4,Monday,Weekday,3846
2025-04-21 05:00:00,2025-04-21,5,Monday,Weekday,9179
2025-04-21 06:00:00,2025-04-21,6,Monday,Weekday,14062
2025-04-21 07:00:00,2025-04-21,7,Monday,Weekday,15305
2025-04-21 08:00:00,2025-04-21,8,Monday,Weekday,14705
2025-04-21 09:00:00,2025-04-21,9,Monday,Weekday,14328
2025-04-21 10:00:00,2025-04-21,10,Monday,Weekday,13932
2025-04-21 11:00:00,2025-04-21,11,Monday,Weekday,12875
2025-04-21 12:00:00,2025-04-21,12,Monday,Weekday,13234
2025-04-21 13:00:00,2025-04-21,13,Monday,Weekday,12608
2025-04-21 14:00:00,2025-04-21,14,Monday,Weekday,13837
2025-04-21 15:00:00,2025-04-21,15,Monday,Weekday,14049
2025-04-21 16:00:00,2025-04-21,16,Monday,Weekday,12606
2025-04-21 17:00:00,2025-04-21,17,Monday,Weekday,12553
2025-04-21 18:00:00,2025-04-21,18,Monday,Weekday,14115
2025-04-21 19:00:00,2025-04-21,19,Monday,Weekday,12160
2025-04-21 20:00:00,2025-04-21,20,Monday,Weekday,10767
2025-04-21 21:00:00,2025-04-21,21,Monday,Weekday,9376
2025-04-21 22:00:00,2025-04-21,22,Monday,Weekday,7270
2025-04-21 23:00:00,2025-04-21,23,Monday,Weekday,4697
2025-04-22 00:00:00,2025-04-22,0,Tuesday,Weekday,3059
2025-04-22 01:00:00,2025-04-22,1,Tuesday,Weekday,1861
2025-04-22 02:00:00,2025-04-22,2,Tuesday,Weekday,1448
2025-04-22 03:00:00,2025-04-22,3,Tuesday,Weekday,1742
2025-04-22 04:00:00,2025-04-22,4,Tuesday,Weekday,3351
2025-04-22 05:00:00,2025-04-22,5,Tuesday,Weekday,8854
2025-04-22 06:00:00,2025-04-22,6,Tuesday,Weekday,14910
2025-04-22 07:00:00,2025-04-22,7,Tuesday,Weekday,16171
2025-04-22 08:00:00,2025-04-22,8,Tuesday,Weekday,13838
2025-04-22 09:00:00,2025-04-22,9,Tuesday,Weekday,13954
2025-04-22 10:00:00,2025-04-22,10,Tuesday,Weekday,14190
2025-04-22 11:00:00,2025-04-22,11,Tuesday,Weekday,14154
2025-04-22 12:00:00,2025-04-22,12,Tuesday,Weekday,14129
2025-04-22 13:00:00,2025-04-22,13,Tuesday,Weekday,13940
2025-04-22 14:00:00,2025-04-22,14,Tuesday,Weekday,14852
2025-04-22 15:00:00,2025-04-22,15,Tuesday,Weekday,12985
2025-04-22 16:00:00,2025-04-22,16,Tuesday,Weekday,13820
2025-04-22 17:00:00,2025-04-22,17,Tuesday,Weekday,13171
2025-04-22 18:00:00,2025-04-22,18,Tuesday,Weekday,14071
2025-04-22 19:00:00,2025-04-22,19,Tuesday,Weekday,12647
2025-04-22 20:00:00,2025-04-22,20,Tuesday,Weekday,10773
2025-04-22 21:00:00,2025-04-22,21,Tuesday,Weekday,8838
2025-04-22 22:00:00,2025-04-22,22,Tuesday,Weekday,7157
2025-04-22 23:00:00,2025-04-22,23,Tuesday,Weekday,4519
2025-04-23 00:00:00,2025-04-23,0,Wednesday,Weekday,2878
2025-04-23 01:00:00,2025-04-23,1,Wednesday,Weekday,1842
2025-04-23 02:00:00,2025-04-23,2,Wednesday,Weekday,1390
2025-04-23 03:00:00,2025-04-23,3,Wednesday,Weekday,1660
2025-04-23 04:00:00,2025-04-23,4,Wednesday,Weekday,3360
2025-04-23 05:00:00,2025-04-23,5,Wednesday,Weekday,8742
2025-04-23 06:00:00,2025-04-23,6,Wednesday,Weekday,14460
2025-04-23 07:00:00,2025-04-23,7,Wednesday,Weekday,16544
2025-04-23 08:00:00,2025-04-23,8,Wednesday,Weekday,14693
2025-04-23 09:00:00,2025-04-23,9,Wednesday,Weekday,14400
2025-04-23 10:00:00,2025-04-23,10,Wednesday,Weekday,15164
2025-04-23 11:00:00,2025-04-23,11,Wednesday,Weekday,13829
2025-04-23 12:00:00,2025-04-23,12,Wednesday,Weekday,13866
2025-04-23 13:00:00,2025-04-23,13,Wednesday,Weekday,13822
2025-04-23 14:00:00,2025-04-23,14,Wednesday,Weekday,12252
2025-04-23 15:00:00,2025-04-23,15,Wednesday,Weekday,12874
2025-04-23 16:00:00,2025-04-23,16,Wednesday,Weekday,12421
2025-04-23 17:00:00,2025-04-23,17,Wednesday,Weekday,11653
2025-04-23 18:00:00,2025-04-23,18,Wednesday,Weekday,12317
2025-04-23 19:00:00,2025-04-23,19,Wednesday,Weekday,13072
2025-04-23 20:00:00,2025-04-23,20,Wednesday,Weekday,10908
2025-04-23 21:00:00,2025-04-23,21,Wednesday,Weekday,9769
2025-04-23 22:00:00,2025-04-23,22,Wednesday,Weekday,7784
2025-04-23 23:00:00,2025-04-23,23,Wednesday,Weekday,5475
2025-04-24 00:00:00,2025-04-24,0,Thursday,Weekday,2979
2025-04-24 01:00:00,2025-04-24,1,Thursday,Weekday,1712
2025-04-24 02:00:00,2025-04-24,2,Thursday,Weekday,1444
2025-04-24 03:00:00,2025-04-24,3,Thursday,Weekday,1835
2025-04-24 04:00:00,2025-04-24,4,Thursday,Weekday,3563
2025-04-24 05:00:00,2025-04-24,5,Thursday,Weekday,7430
2025-04-24 06:00:00,2025-04-24,6,Thursday,Weekday,13976
2025-04-24 07:00:00,2025-04-24,7,Thursday,Weekday,15842
2025-04-24 08:00:00,2025-04-24,8,Thursday,Weekday,14321
2025-04-24 09:00:00,2025-04-24,9,Thursday,Weekday,15314
2025-04-24 10:00:00,2025-04-24,10,Thursday,Weekday,14503
2025-04-24 11:00:00,2025-04-24,11,Thursday,Weekday,13610
2025-04-24 12:00:00,2025-04-24,12,Thursday,Weekday,14344
2025-04-24 13:00:00,2025-04-24,13,Thursday,Weekday,13792
2025-04-24 14:00:00,2025-04-24,14,Thursday,Weekday,14644
2025-04-24 15:00:00,2025-04-24,15,Thursday,Weekday,12878
2025-04-24 16:00:00,2025-04-24,16,Thursday,Weekday,12596
2025-04-24 17:00:00,2025-04-24,17,Thursday,Weekday,11918
2025-04-24 18:00:00,2025-04-24,18,Thursday,Weekday,12575
2025-04-24 19:00:00,2025-04-24,19,Thursday,Weekday,13338
2025-04-24 20:00:00,2025-04-24,20,Thursday,Weekday,11653
2025-04-24 21:00:00,2025-04-24,21,Thursday,Weekday,10438
2025-04-24 22:00:00,2025-04-24,22,Thursday,Weekday,8044
2025-04-24 23:00:00,2025-04-24,23,Thursday,Weekday,5961
2025-04-25 00:00:00,2025-04-25,0,Friday,Weekday,4126
2025-04-25 01:00:00,2025-04-25,1,Friday,Weekday,2657
2025-04-25 02:00:00,2025-04-25,2,Friday,Weekday,1815
2025-04-25 03:00:00,2025-04-25,3,Friday,Weekday,2111
2025-04-25 04:00:00,2025-04-25,4,Friday,Weekday,3679
2025-04-25 05:00:00,2025-04-25,5,Friday,Weekday,8335
2025-04-25 06:00:00,2025-04-25,6,Friday,Weekday,13977
2025-04-25 07:00:00,2025-04-25,7,Friday,Weekday,16436
2025-04-25 08:00:00,2025-04-25,8,Friday,Weekday,15449
2025-04-25 09:00:00,2025-04-25,9,Friday,Weekday,14425
2025-04-25 10:00:00,2025-04-25,10,Friday,Weekday,14026
2025-04-25 11:00:00,2025-04-25,11,Friday,Weekday,14195
2025-04-25 12:00:00,2025-04-25,12,Friday,Weekday,13988
2025-04-25 13:00:00,2025-04-25,13,Friday,Weekday,13669
2025-04-25 14:00:00,2025-04-25,14,Friday,Weekday,13232
2025-04-25 15:00:00,2025-04-25,15,Friday,Weekday,12988
2025-04-25 16:00:00,2025-04-25,16,Friday,Weekday,12724
2025-04-25 17:00:00,2025-04-25,17,Friday,Weekday,13024
2025-04-25 18:00:00,2025-04-25,18,Friday,Weekday,14339
2025-04-25 19:00:00,2025-04-25,19,Friday,Weekday,14641
2025-04-25 20:00:00,2025-04-25,20,Friday,Weekday,12850
2025-04-25 21:00:00,2025-04-25,21,Friday,Weekday,11929
2025-04-25 22:00:00,2025-04-25,22,Friday,Weekday,9941
2025-04-25 23:00:00,2025-04-25,23,Friday,Weekday,8384
2025-04-26 00:00:00,2025-04-26,0,Saturday,Weekend,5827
2025-04-26 01:00:00,2025-04-26,1,Saturday,Weekend,3970
2025-04-26 02:00:00,2025-04-26,2,Saturday,Weekend,3088
2025-04-26 03:00:00,2025-04-26,3,Saturday,Weekend,2598
2025-04-26 04:00:00,2025-04-26,4,Saturday,Weekend,2554
2025-04-26 05:00:00,2025-04-26,5,Saturday,Weekend,4314
2025-04-26 06:00:00,2025-04-26,6,Saturday,Weekend,6799
2025-04-26 07:00:00,2025-04-26,7,Saturday,Weekend,8432
2025-04-26 08:00:00,2025-04-26,8,Saturday,Weekend,10359
2025-04-26 09:00:00,2025-04-26,9,Saturday,Weekend,12394
2025-04-26 10:00:00,2025-04-26,10,Saturday,Weekend,12486
2025-04-26 11:00:00,2025-04-26,11,Saturday,Weekend,12096
2025-04-26 12:00:00,2025-04-26,12,Saturday,Weekend,13484
2025-04-26 13:00:00,2025-04-26,13,Saturday,Weekend,13910
2025-04-26 14:00:00,2025-04-26,14,Saturday,Weekend,13194
2025-04-26 15:00:00,2025-04-26,15,Saturday,Weekend,13556
2025-04-26 16:00:00,2025-04-26,16,Saturday,Weekend,13735
2025-04-26 17:00:00,2025-04-26,17,Saturday,Weekend,13625
2025-04-26 18:00:00,2025-04-26,18,Saturday,Weekend,13687
2025-04-26 19:00:00,2025-04-26,19,Saturday,Weekend,12586
2025-04-26 20:00:00,2025-04-26,20,Saturday,Weekend,11729
2025-04-26 21:00:00,2025-04-26,21,Saturday,Weekend,11655
2025-04-26 22:00:00,2025-04-26,22,Saturday,Weekend,10342
2025-04-26 23:00:00,2025-04-26,23,Saturday,Weekend,9540
2025-04-27 00:00:00,2025-04-27,0,Sunday,Weekend,6828
2025-04-27 01:00:00,2025-04-27,1,Sunday,Weekend,4739
2025-04-27 02:00:00,2025-04-27,2,Sunday,Weekend,3818
2025-04-27 03:00:00,2025-04-27,3,Sunday,Weekend,3470
2025-04-27 04:00:00,2025-04-27,4,Sunday,Weekend,2652
2025-04-27 05:00:00,2025-04-27,5,Sunday,Weekend,3512
2025-04-27 06:00:00,2025-04-27,6,Sunday,Weekend,5329
2025-04-27 07:00:00,2025-04-27,7,Sunday,Weekend,6450
2025-04-27 08:00:00,2025-04-27,8,Sunday,Weekend,7987
2025-04-27 09:00:00,2025-04-27,9,Sunday,Weekend,10053
2025-04-27 10:00:00,2025-04-27,10,Sunday,Weekend,12354
2025-04-27 11:00:00,2025-04-27,11,Sunday,Weekend,13251
2025-04-27 12:00:00,2025-04-27,12,Sunday,Weekend,13105
2025-04-27 13:00:00,2025-04-27,13,Sunday,Weekend,13728
2025-04-27 14:00:00,2025-04-27,14,Sunday,Weekend,12930
2025-04-27 15:00:00,2025-04-27,15,Sunday,Weekend,13893
2025-04-27 16:00:00,2025-04-27,16,Sunday,Weekend,14072
2025-04-27 17:00:00,2025-04-27,17,Sunday,Weekend,13989
2025-04-27 18:00:00,2025-04-27,18,Sunday,Weekend,14146
2025-04-27 19:00:00,2025-04-27,19,Sunday,Weekend,13159
2025-04-27 20:00:00,2025-04-27,20,Sunday,Weekend,11694
2025-04-27 21:00:00,2025-04-27,21,Sunday,Weekend,10186
2025-04-27 22:00:00,2025-04-27,22,Sunday,Weekend,8073
2025-04-27 23:00:00,2025-04-27,23,Sunday,Weekend,5904
2025-04-28 00:00:00,2025-04-28,0,Monday,Weekday,3861
2025-04-28 01:00:00,2025-04-28,1,Monday,Weekday,2588
2025-04-28 02:00:00,2025-04-28,2,Monday,Weekday,1934
2025-04-28 03:00:00,2025-04-28,3,Monday,Weekday,2025
2025-04-28 04:00:00,2025-04-28,4,Monday,Weekday,3856
2025-04-28 05:00:00,2025-04-28,5,Monday,Weekday,9462
2025-04-28 06:00:00,2025-04-28,6,Monday,Weekday,14381
2025-04-28 07:00:00,2025-04-28,7,Monday,Weekday,15662
2025-04-28 08:00:00,2025-04-28,8,Monday,Weekday,14773
2025-04-28 09:00:00,2025-04-28,9,Monday,Weekday,13313
2025-04-28 10:00:00,2025-04-28,10,Monday,Weekday,13248
2025-04-28 11:00:00,2025-04-28,11,Monday,Weekday,13133
2025-04-28 12:00:00,2025-04-28,12,Monday,Weekday,13288
2025-04-28 13:00:00,2025-04-28,13,Monday,Weekday,12938
2025-04-28 14:00:00,2025-04-28,14,Monday,Weekday,13360
2025-04-28 15:00:00,2025-04-28,15,Monday,Weekday,13289
2025-04-28 16:00:00,2025-04-28,16,Monday,Weekday,12899
2025-04-28 17:00:00,2025-04-28,17,Monday,Weekday,12421
2025-04-28 18:00:00,2025-04-28,18,Monday,Weekday,12998
2025-04-28 19:00:00,2025-04-28,19,Monday,Weekday,12030
2025-04-28 20:00:00,2025-04-28,20,Monday,Weekday,10714
2025-04-28 21:00:00,2025-04-28,21,Monday,Weekday,8443
2025-04-28 22:00:00,2025-04-28,22,Monday,Weekday,6763
2025-04-28 23:00:00,2025-04-28,23,Monday,Weekday,4375
2025-04-29 00:00:00,2025-04-29,0,Tuesday,Weekday,2877
2025-04-29 01:00:00,2025-04-29,1,Tuesday,Weekday,1925
2025-04-29 02:00:00,2025-04-29,2,Tuesday,Weekday,1446
2025-04-29 03:00:00,2025-04-29,3,Tuesday,Weekday,1699
2025-04-29 04:00:00,2025-04-29,4,Tuesday,Weekday,3247
2025-04-29 05:00:00,2025-04-29,5,Tuesday,Weekday,8704
2025-04-29 06:00:00,2025-04-29,6,Tuesday,Weekday,14464
2025-04-29 07:00:00,2025-04-29,7,Tuesday,Weekday,16111
2025-04-29 08:00:00,2025-04-29,8,Tuesday,Weekday,14841
2025-04-29 09:00:00,2025-04-29,9,Tuesday,Weekday,14133
2025-04-29 10:00:00,2025-04-29,10,Tuesday,Weekday,14284
2025-04-29 11:00:00,2025-04-29,11,Tuesday,Weekday,14073
2025-04-29 12:00:00,2025-04-29,12,Tuesday,Weekday,14601
2025-04-29 13:00:00,2025-04-29,13,Tuesday,Weekday,14377
2025-04-29 14:00:00,2025-04-29,14,Tuesday,Weekday,14797
2025-04-29 15:00:00,2025-04-29,15,Tuesday,Weekday,13573
2025-04-29 16:00:00,2025-04-29,16,Tuesday,Weekday,13100
2025-04-29 17:00:00,2025-04-29,17,Tuesday,Weekday,12832
2025-04-29 18:00:00,2025-04-29,18,Tuesday,Weekday,12744
2025-04-29 19:00:00,2025-04-29,19,Tuesday,Weekday,13212
2025-04-29 20:00:00,2025-04-29,20,Tuesday,Weekday,11038
2025-04-29 21:00:00,2025-04-29,21,Tuesday,Weekday,10006
2025-04-29 22:00:00,2025-04-29,22,Tuesday,Weekday,8044
2025-04-29 23:00:00,2025-04-29,23,Tuesday,Weekday,7526
2025-04-30 00:00:00,2025-04-30,0,Wednesday,Weekday,6026
2025-04-30 01:00:00,2025-04-30,1,Wednesday,Weekday,2606
2025-04-30 02:00:00,2025-04-30,2,Wednesday,Weekday,1649
2025-04-30 03:00:00,2025-04-30,3,Wednesday,Weekday,1915
2025-04-30 04:00:00,2025-04-30,4,Wednesday,Weekday,3297
2025-04-30 05:00:00,2025-04-30,5,Wednesday,Weekday,8898
2025-04-30 06:00:00,2025-04-30,6,Wednesday,Weekday,14619
2025-04-30 07:00:00,2025-04-30,7,Wednesday,Weekday,16535
2025-04-30 08:00:00,2025-04-30,8,Wednesday,Weekday,14875
2025-04-30 09:00:00,2025-04-30,9,Wednesday,Weekday,14757
2025-04-30 10:00:00,2025-04-30,10,Wednesday,Weekday,14798
2025-04-30 11:00:00,2025-04-30,11,Wednesday,Weekday,13829
2025-04-30 12:00:00,2025-04-30,12,Wednesday,Weekday,14098
2025-04-30 13:00:00,2025-04-30,13,Wednesday,Weekday,14088
2025-04-30 14:00:00,2025-04-30,14,Wednesday,Weekday,13892
2025-04-30 15:00:00,2025-04-30,15,Wednesday,Weekday,13823
2025-04-30 16:00:00,2025-04-30,16,Wednesday,Weekday,11227
2025-04-30 17:00:00,2025-04-30,17,Wednesday,Weekday,12726
2025-04-30 18:00:00,2025-04-30,18,Wednesday,Weekday,11769
2025-04-30 19:00:00,2025-04-30,19,Wednesday,Weekday,13149
2025-04-30 20:00:00,2025-04-30,20,Wednesday,Weekday,12011
2025-04-30 21:00:00,2025-04-30,21,Wednesday,Weekday,9839
2025-04-30 22:00:00,2025-04-30,22,Wednesday,Weekday,8440
2025-04-30 23:00:00,2025-04-30,23,Wednesday,Weekday,6537
2025-05-01 00:00:00,2025-05-01,0,Thursday,Weekday,4299
2025-05-01 01:00:00,2025-05-01,1,Thursday,Weekday,2287
2025-05-01 02:00:00,2025-05-01,2,Thursday,Weekday,1713
2025-05-01 03:00:00,2025-05-01,3,Thursday,Weekday,2056
2025-05-01 04:00:00,2025-05-01,4,Thursday,Weekday,3579
2025-05-01 05:00:00,2025-05-01,5,Thursday,Weekday,8489
2025-05-01 06:00:00,2025-05-01,6,Thursday,Weekday,13938
2025-05-01 07:00:00,2025-05-01,7,Thursday,Weekday,14569
2025-05-01 08:00:00,2025-05-01,8,Thursday,Weekday,14923
2025-05-01 09:00:00,2025-05-01,9,Thursday,Weekday,14839
2025-05-01 10:00:00,2025-05-01,10,Thursday,Weekday,14204
2025-05-01 11:00:00,2025-05-01,11,Thursday,Weekday,13594
2025-05-01 12:00:00,2025-05-01,12,Thursday,Weekday,13909
2025-05-01 13:00:00,2025-05-01,13,Thursday,Weekday,13397
2025-05-01 14:00:00,2025-05-01,14,Thursday,Weekday,14145
2025-05-01 15:00:00,2025-05-01,15,Thursday,Weekday,13146
2025-05-01 16:00:00,2025-05-01,16,Thursday,Weekday,12093
2025-05-01 17:00:00,2025-05-01,17,Thursday,Weekday,11976
2025-05-01 18:00:00,2025-05-01,18,Thursday,Weekday,13309
2025-05-01 19:00:00,2025-05-01,19,Thursday,Weekday,13726
2025-05-01 20:00:00,2025-05-01,20,Thursday,Weekday,12940
2025-05-01 21:00:00,2025-05-01,21,Thursday,Weekday,9751
2025-05-01 22:00:00,2025-05-01,22,Thursday,Weekday,8830
2025-05-01 23:00:00,2025-05-01,23,Thursday,Weekday,7204
2025-05-02 00:00:00,2025-05-02,0,Friday,Weekday,4572
2025-05-02 01:00:00,2025-05-02,1,Friday,Weekday,2718
2025-05-02 02:00:00,2025-05-02,2,Friday,Weekday,2091
2025-05-02 03:00:00,2025-05-02,3,Friday,Weekday,2140
2025-05-02 04:00:00,2025-05-02,4,Friday,Weekday,3717
2025-05-02 05:00:00,2025-05-02,5,Friday,Weekday,8188
2025-05-02 06:00:00,2025-05-02,6,Friday,Weekday,14352
2025-05-02 07:00:00,2025-05-02,7,Friday,Weekday,15958
2025-05-02 08:00:00,2025-05-02,8,Friday,Weekday,15600
2025-05-02 09:00:00,2025-05-02,9,Friday,Weekday,13881
2025-05-02 10:00:00,2025-05-02,10,Friday,Weekday,13804
2025-05-02 11:00:00,2025-05-02,11,Friday,Weekday,13919
2025-05-02 12:00:00,2025-05-02,12,Friday,Weekday,13717
2025-05-02 13:00:00,2025-05-02,13,Friday,Weekday,13132
2025-05-02 14:00:00,2025-05-02,14,Friday,Weekday,13074
2025-05-02 15:00:00,2025-05-02,15,Friday,Weekday,12273
2025-05-02 16:00:00,2025-05-02,16,Friday,Weekday,12441
2025-05-02 17:00:00,2025-05-02,17,Friday,Weekday,13137
2025-05-02 18:00:00,2025-05-02,18,Friday,Weekday,13513
2025-05-02 19:00:00,2025-05-02,19,Friday,Weekday,13747
2025-05-02 20:00:00,2025-05-02,20,Friday,Weekday,12782
2025-05-02 21:00:00,2025-05-02,21,Friday,Weekday,11762
2025-05-02 22:00:00,2025-05-02,22,Friday,Weekday,9558
2025-05-02 23:00:00,2025-05-02,23,Friday,Weekday,7057
2025-05-03 00:00:00,2025-05-03,0,Saturday,Weekend,6015
2025-05-03 01:00:00,2025-05-03,1,Saturday,Weekend,4336
2025-05-03 02:00:00,2025-05-03,2,Saturday,Weekend,3384
2025-05-03 03:00:00,2025-05-03,3,Saturday,Weekend,2783
2025-05-03 04:00:00,2025-05-03,4,Saturday,Weekend,2508
2025-05-03 05:00:00,2025-05-03,5,Saturday,Weekend,4182
2025-05-03 06:00:00,2025-05-03,6,Saturday,Weekend,7081
2025-05-03 07:00:00,2025-05-03,7,Saturday,Weekend,9271
2025-05-03 08:00:00,2025-05-03,8,Saturday,Weekend,10937
2025-05-03 09:00:00,2025-05-03,9,Saturday,Weekend,11888
2025-05-03 10:00:00,2025-05-03,10,Saturday,Weekend,13165
2025-05-03 11:00:00,2025-05-03,11,Saturday,Weekend,14011
2025-05-03 12:00:00,2025-05-03,12,Saturday,Weekend,14373
2025-05-03 13:00:00,2025-05-03,13,Saturday,Weekend,12678
2025-05-03 14:00:00,2025-05-03,14,Saturday,Weekend,12132
2025-05-03 15:00:00,2025-05-03,15,Saturday,Weekend,14073
2025-05-03 16:00:00,2025-05-03,16,Saturday,Weekend,14044
2025-05-03 17:00:00,2025-05-03,17,Saturday,Weekend,14749
2025-05-03 18:00:00,2025-05-03,18,Saturday,Weekend,14455
2025-05-03 19:00:00,2025-05-03,19,Saturday,Weekend,13498
2025-05-03 20:00:00,2025-05-03,20,Saturday,Weekend,10630
2025-05-03 21:00:00,2025-05-03,21,Saturday,Weekend,10008
2025-05-03 22:00:00,2025-05-03,22,Saturday,Weekend,10436
2025-05-03 23:00:00,2025-05-03,23,Saturday,Weekend,8822
2025-05-04 00:00:00,2025-05-04,0,Sunday,Weekend,6546
2025-05-04 01:00:00,2025-05-04,1,Sunday,Weekend,4058
2025-05-04 02:00:00,2025-05-04,2,Sunday,Weekend,3187
2025-05-04 03:00:00,2025-05-04,3,Sunday,Weekend,2765
2025-05-04 04:00:00,2025-05-04,4,Sunday,Weekend,2416
2025-05-04 05:00:00,2025-05-04,5,Sunday,Weekend,3283
2025-05-04 06:00:00,2025-05-04,6,Sunday,Weekend,5759
2025-05-04 07:00:00,2025-05-04,7,Sunday,Weekend,6445
2025-05-04 08:00:00,2025-05-04,8,Sunday,Weekend,8415
2025-05-04 09:00:00,2025-05-04,9,Sunday,Weekend,10795
2025-05-04 10:00:00,2025-05-04,10,Sunday,Weekend,13598
2025-05-04 11:00:00,2025-05-04,11,Sunday,Weekend,12234
2025-05-04 12:00:00,2025-05-04,12,Sunday,Weekend,14220
2025-05-04 13:00:00,2025-05-04,13,Sunday,Weekend,14795
2025-05-04 14:00:00,2025-05-04,14,Sunday,Weekend,14355
2025-05-04 15:00:00,2025-05-04,15,Sunday,Weekend,14291
2025-05-04 16:00:00,2025-05-04,16,Sunday,Weekend,14441
2025-05-04 17:00:00,2025-05-04,17,Sunday,Weekend,13909
2025-05-04 18:00:00,2025-05-04,18,Sunday,Weekend,13752
2025-05-04 19:00:00,2025-05-04,19,Sunday,Weekend,12771
2025-05-04 20:00:00,2025-05-04,20,Sunday,Weekend,11333
2025-05-04 21:00:00,2025-05-04,21,Sunday,Weekend,10302
2025-05-04 22:00:00,2025-05-04,22,Sunday,Weekend,7771
2025-05-04 23:00:00,2025-05-04,23,Sunday,Weekend,5664
2025-05-05 00:00:00,2025-05-05,0,Monday,Weekday,3925
2025-05-05 01:00:00,2025-05-05,1,Monday,Weekday,2709
2025-05-05 02:00:00,2025-05-05,2,Monday,Weekday,2061
2025-05-05 03:00:00,2025-05-05,3,Monday,Weekday,2032
2025-05-05 04:00:00,2025-05-05,4,Monday,Weekday,3737
2025-05-05 05:00:00,2025-05-05,5,Monday,Weekday,9535
2025-05-05 06:00:00,2025-05-05,6,Monday,Weekday,15047
2025-05-05 07:00:00,2025-05-05,7,Monday,Weekday,15901
2025-05-05 08:00:00,2025-05-05,8,Monday,Weekday,15355
2025-05-05 09:00:00,2025-05-05,9,Monday,Weekday,14772
2025-05-05 10:00:00,2025-05-05,10,Monday,Weekday,14055
2025-05-05 11:00:00,2025-05-05,11,Monday,Weekday,13661
2025-05-05 12:00:00,2025-05-05,12,Monday,Weekday,13811
2025-05-05 13:00:00,2025-05-05,13,Monday,Weekday,13700
2025-05-05 14:00:00,2025-05-05,14,Monday,Weekday,14212
2025-05-05 15:00:00,2025-05-05,15,Monday,Weekday,14166
2025-05-05 16:00:00,2025-05-05,16,Monday,Weekday,13298
2025-05-05 17:00:00,2025-05-05,17,Monday,Weekday,13322
2025-05-05 18:00:00,2025-05-05,18,Monday,Weekday,12778
2025-05-05 19:00:00,2025-05-05,19,Monday,Weekday,12229
2025-05-05 20:00:00,2025-05-05,20,Monday,Weekday,9911
2025-05-05 21:00:00,2025-05-05,21,Monday,Weekday,7990
2025-05-05 22:00:00,2025-05-05,22,Monday,Weekday,7141
2025-05-05 23:00:00,2025-05-05,23,Monday,Weekday,5516
2025-05-06 00:00:00,2025-05-06,0,Tuesday,Weekday,3591
2025-05-06 01:00:00,2025-05-06,1,Tuesday,Weekday,2401
2025-05-06 02:00:00,2025-05-06,2,Tuesday,Weekday,1836
2025-05-06 03:00:00,2025-05-06,3,Tuesday,Weekday,1962
2025-05-06 04:00:00,2025-05-06,4,Tuesday,Weekday,3319
2025-05-06 05:00:00,2025-05-06,5,Tuesday,Weekday,8875
2025-05-06 06:00:00,2025-05-06,6,Tuesday,Weekday,15042
2025-05-06 07:00:00,2025-05-06,7,Tuesday,Weekday,15523
2025-05-06 08:00:00,2025-05-06,8,Tuesday,Weekday,14414
2025-05-06 09:00:00,2025-05-06,9,Tuesday,Weekday,13782
2025-05-06 10:00:00,2025-05-06,10,Tuesday,Weekday,14519
2025-05-06 11:00:00,2025-05-06,11,Tuesday,Weekday,13858
2025-05-06 12:00:00,2025-05-06,12,Tuesday,Weekday,14005
2025-05-06 13:00:00,2025-05-06,13,Tuesday,Weekday,13150
2025-05-06 14:00:00,2025-05-06,14,Tuesday,Weekday,14478
2025-05-06 15:00:00,2025-05-06,15,Tuesday,Weekday,13234
2025-05-06 16:00:00,2025-05-06,16,Tuesday,Weekday,12712
2025-05-06 17:00:00,2025-05-06,17,Tuesday,Weekday,12731
2025-05-06 18:00:00,2025-05-06,18,Tuesday,Weekday,13575
2025-05-06 19:00:00,2025-05-06,19,Tuesday,Weekday,12076
2025-05-06 20:00:00,2025-05-06,20,Tuesday,Weekday,9679
2025-05-06 21:00:00,2025-05-06,21,Tuesday,Weekday,8632
2025-05-06 22:00:00,2025-05-06,22,Tuesday,Weekday,6910
2025-05-06 23:00:00,2025-05-06,23,Tuesday,Weekday,4997
2025-05-07 00:00:00,2025-05-07,0,Wednesday,Weekday,3209
2025-05-07 01:00:00,2025-05-07,1,Wednesday,Weekday,2022
2025-05-07 02:00:00,2025-05-07,2,Wednesday,Weekday,1551
2025-05-07 03:00:00,2025-05-07,3,Wednesday,Weekday,1661
2025-05-07 04:00:00,2025-05-07,4,Wednesday,Weekday,3152
2025-05-07 05:00:00,2025-05-07,5,Wednesday,Weekday,8478
2025-05-07 06:00:00,2025-05-07,6,Wednesday,Weekday,13176
2025-05-07 07:00:00,2025-05-07,7,Wednesday,Weekday,14921
2025-05-07 08:00:00,2025-05-07,8,Wednesday,Weekday,13841
2025-05-07 09:00:00,2025-05-07,9,Wednesday,Weekday,13700
2025-05-07 10:00:00,2025-05-07,10,Wednesday,Weekday,14885
2025-05-07 11:00:00,2025-05-07,11,Wednesday,Weekday,13802
2025-05-07 12:00:00,2025-05-07,12,Wednesday,Weekday,13392
2025-05-07 13:00:00,2025-05-07,13,Wednesday,Weekday,13846
2025-05-07 14:00:00,2025-05-07,14,Wednesday,Weekday,14714
2025-05-07 15:00:00,2025-05-07,15,Wednesday,Weekday,14652
2025-05-07 16:00:00,2025-05-07,16,Wednesday,Weekday,13818
2025-05-07 17:00:00,2025-05-07,17,Wednesday,Weekday,13775
2025-05-07 18:00:00,2025-05-07,18,Wednesday,Weekday,13921
2025-05-07 19:00:00,2025-05-07,19,Wednesday,Weekday,12334
2025-05-07 20:00:00,2025-05-07,20,Wednesday,Weekday,9011
2025-05-07 21:00:00,2025-05-07,21,Wednesday,Weekday,7987
2025-05-07 22:00:00,2025-05-07,22,Wednesday,Weekday,7055
2025-05-07 23:00:00,2025-05-07,23,Wednesday,Weekday,4913
2025-05-08 00:00:00,2025-05-08,0,Thursday,Weekday,3263
2025-05-08 01:00:00,2025-05-08,1,Thursday,Weekday,1919
2025-05-08 02:00:00,2025-05-08,2,Thursday,Weekday,1582
2025-05-08 03:00:00,2025-05-08,3,Thursday,Weekday,1867
2025-05-08 04:00:00,2025-05-08,4,Thursday,Weekday,3463
2025-05-08 05:00:00,2025-05-08,5,Thursday,Weekday,8952
2025-05-08 06:00:00,2025-05-08,6,Thursday,Weekday,14853
2025-05-08 07:00:00,2025-05-08,7,Thursday,Weekday,16767
2025-05-08 08:00:00,2025-05-08,8,Thursday,Weekday,15380
2025-05-08 09:00:00,2025-05-08,9,Thursday,Weekday,14801
2025-05-08 10:00:00,2025-05-08,10,Thursday,Weekday,14156
2025-05-08 11:00:00,2025-05-08,11,Thursday,Weekday,14165
2025-05-08 12:00:00,2025-05-08,12,Thursday,Weekday,13631
2025-05-08 13:00:00,2025-05-08,13,Thursday,Weekday,13567
2025-05-08 14:00:00,2025-05-08,14,Thursday,Weekday,13138
2025-05-08 15:00:00,2025-05-08,15,Thursday,Weekday,13266
2025-05-08 16:00:00,2025-05-08,16,Thursday,Weekday,11802
2025-05-08 17:00:00,2025-05-08,17,Thursday,Weekday,12219
2025-05-08 18:00:00,2025-05-08,18,Thursday,Weekday,11918
2025-05-08 19:00:00,2025-05-08,19,Thursday,Weekday,13455
2025-05-08 20:00:00,2025-05-08,20,Thursday,Weekday,10604
2025-05-08 21:00:00,2025-05-08,21,Thursday,Weekday,10979
2025-05-08 22:00:00,2025-05-08,22,Thursday,Weekday,9540
2025-05-08 23:00:00,2025-05-08,23,Thursday,Weekday,6817
2025-05-09 00:00:00,2025-05-09,0,Friday,Weekday,4108
2025-05-09 01:00:00,2025-05-09,1,Friday,Weekday,2780
2025-05-09 02:00:00,2025-05-09,2,Friday,Weekday,2041
2025-05-09 03:00:00,2025-05-09,3,Friday,Weekday,2220
2025-05-09 04:00:00,2025-05-09,4,Friday,Weekday,3634
2025-05-09 05:00:00,2025-05-09,5,Friday,Weekday,8463
2025-05-09 06:00:00,2025-05-09,6,Friday,Weekday,14334
2025-05-09 07:00:00,2025-05-09,7,Friday,Weekday,16022
2025-05-09 08:00:00,2025-05-09,8,Friday,Weekday,15241
2025-05-09 09:00:00,2025-05-09,9,Friday,Weekday,14056
2025-05-09 10:00:00,2025-05-09,10,Friday,Weekday,14670
2025-05-09 11:00:00,2025-05-09,11,Friday,Weekday,14110
2025-05-09 12:00:00,2025-05-09,12,Friday,Weekday,13776
2025-05-09 13:00:00,2025-05-09,13,Friday,Weekday,13662
2025-05-09 14:00:00,2025-05-09,14,Friday,Weekday,12455
2025-05-09 15:00:00,2025-05-09,15,Friday,Weekday,12225
2025-05-09 16:00:00,2025-05-09,16,Friday,Weekday,12506
2025-05-09 17:00:00,2025-05-09,17,Friday,Weekday,12549
2025-05-09 18:00:00,2025-05-09,18,Friday,Weekday,14091
2025-05-09 19:00:00,2025-05-09,19,Friday,Weekday,14399
2025-05-09 20:00:00,2025-05-09,20,Friday,Weekday,12362
2025-05-09 21:00:00,2025-05-09,21,Friday,Weekday,11765
2025-05-09 22:00:00,2025-05-09,22,Friday,Weekday,10418
2025-05-09 23:00:00,2025-05-09,23,Friday,Weekday,10098
2025-05-10 00:00:00,2025-05-10,0,Saturday,Weekend,6139
2025-05-10 01:00:00,2025-05-10,1,Saturday,Weekend,3883
2025-05-10 02:00:00,2025-05-10,2,Saturday,Weekend,3041
2025-05-10 03:00:00,2025-05-10,3,Saturday,Weekend,2721
2025-05-10 04:00:00,2025-05-10,4,Saturday,Weekend,2565
2025-05-10 05:00:00,2025-05-10,5,Saturday,Weekend,3875
2025-05-10 06:00:00,2025-05-10,6,Saturday,Weekend,6678
2025-05-10 07:00:00,2025-05-10,7,Saturday,Weekend,8336
2025-05-10 08:00:00,2025-05-10,8,Saturday,Weekend,10076
2025-05-10 09:00:00,2025-05-10,9,Saturday,Weekend,11813
2025-05-10 10:00:00,2025-05-10,10,Saturday,Weekend,12873
2025-05-10 11:00:00,2025-05-10,11,Saturday,Weekend,12520
2025-05-10 12:00:00,2025-05-10,12,Saturday,Weekend,13571
2025-05-10 13:00:00,2025-05-10,13,Saturday,Weekend,14389
2025-05-10 14:00:00,2025-05-10,14,Saturday,Weekend,14541
2025-05-10 15:00:00,2025-05-10,15,Saturday,Weekend,13905
2025-05-10 16:00:00,2025-05-10,16,Saturday,Weekend,13466
2025-05-10 17:00:00,2025-05-10,17,Saturday,Weekend,13452
2025-05-10 18:00:00,2025-05-10,18,Saturday,Weekend,13751
2025-05-10 19:00:00,2025-05-10,19,Saturday,Weekend,12139
2025-05-10 20:00:00,2025-05-10,20,Saturday,Weekend,10623
2025-05-10 21:00:00,2025-05-10,21,Saturday,Weekend,9670
2025-05-10 22:00:00,2025-05-10,22,Saturday,Weekend,9036
2025-05-10 23:00:00,2025-05-10,23,Saturday,Weekend,7976
2025-05-11 00:00:00,2025-05-11,0,Sunday,Weekend,5328
2025-05-11 01:00:00,2025-05-11,1,Sunday,Weekend,3596
2025-05-11 02:00:00,2025-05-11,2,Sunday,Weekend,2830
2025-05-11 03:00:00,2025-05-11,3,Sunday,Weekend,2346
2025-05-11 04:00:00,2025-05-11,4,Sunday,Weekend,2144
2025-05-11 05:00:00,2025-05-11,5,Sunday,Weekend,3210
2025-05-11 06:00:00,2025-05-11,6,Sunday,Weekend,4979
2025-05-11 07:00:00,2025-05-11,7,Sunday,Weekend,5699
2025-05-11 08:00:00,2025-05-11,8,Sunday,Weekend,7260
2025-05-11 09:00:00,2025-05-11,9,Sunday,Weekend,9723
2025-05-11 10:00:00,2025-05-11,10,Sunday,Weekend,12561
2025-05-11 11:00:00,2025-05-11,11,Sunday,Weekend,13855
2025-05-11 12:00:00,2025-05-11,12,Sunday,Weekend,14164
2025-05-11 13:00:00,2025-05-11,13,Sunday,Weekend,14417
2025-05-11 14:00:00,2025-05-11,14,Sunday,Weekend,13936
2025-05-11 15:00:00,2025-05-11,15,Sunday,Weekend,13845
2025-05-11 16:00:00,2025-05-11,16,Sunday,Weekend,13817
2025-05-11 17:00:00,2025-05-11,17,Sunday,Weekend,12494
2025-05-11 18:00:00,2025-05-11,18,Sunday,Weekend,9268
2025-05-11 19:00:00,2025-05-11,19,Sunday,Weekend,8538
2025-05-11 20:00:00,2025-05-11,20,Sunday,Weekend,10092
2025-05-11 21:00:00,2025-05-11,21,Sunday,Weekend,9146
2025-05-11 22:00:00,2025-05-11,22,Sunday,Weekend,7777
2025-05-11 23:00:00,2025-05-11,23,Sunday,Weekend,6767
2025-05-12 00:00:00,2025-05-12,0,Monday,Weekday,5489
2025-05-12 01:00:00,2025-05-12,1,Monday,Weekday,2424
2025-05-12 02:00:00,2025-05-12,2,Monday,Weekday,1737
2025-05-12 03:00:00,2025-05-12,3,Monday,Weekday,1845
2025-05-12 04:00:00,2025-05-12,4,Monday,Weekday,3718
2025-05-12 05:00:00,2025-05-12,5,Monday,Weekday,9268
2025-05-12 06:00:00,2025-05-12,6,Monday,Weekday,13785
2025-05-12 07:00:00,2025-05-12,7,Monday,Weekday,14160
2025-05-12 08:00:00,2025-05-12,8,Monday,Weekday,14047
2025-05-12 09:00:00,2025-05-12,9,Monday,Weekday,15081
2025-05-12 10:00:00,2025-05-12,10,Monday,Weekday,14150
2025-05-12 11:00:00,2025-05-12,11,Monday,Weekday,13543
2025-05-12 12:00:00,2025-05-12,12,Monday,Weekday,13649
2025-05-12 13:00:00,2025-05-12,13,Monday,Weekday,13236
2025-05-12 14:00:00,2025-05-12,14,Monday,Weekday,13669
2025-05-12 15:00:00,2025-05-12,15,Monday,Weekday,14846
2025-05-12 16:00:00,2025-05-12,16,Monday,Weekday,13979
2025-05-12 17:00:00,2025-05-12,17,Monday,Weekday,14188
2025-05-12 18:00:00,2025-05-12,18,Monday,Weekday,13471
2025-05-12 19:00:00,2025-05-12,19,Monday,Weekday,11951
2025-05-12 20:00:00,2025-05-12,20,Monday,Weekday,10008
2025-05-12 21:00:00,2025-05-12,21,Monday,Weekday,8644
2025-05-12 22:00:00,2025-05-12,22,Monday,Weekday,6953
2025-05-12 23:00:00,2025-05-12,23,Monday,Weekday,4891
2025-05-13 00:00:00,2025-05-13,0,Tuesday,Weekday,2944
2025-05-13 01:00:00,2025-05-13,1,Tuesday,Weekday,1932
2025-05-13 02:00:00,2025-05-13,2,Tuesday,Weekday,1502
2025-05-13 03:00:00,2025-05-13,3,Tuesday,Weekday,1699
2025-05-13 04:00:00,2025-05-13,4,Tuesday,Weekday,3382
2025-05-13 05:00:00,2025-05-13,5,Tuesday,Weekday,9203
2025-05-13 06:00:00,2025-05-13,6,Tuesday,Weekday,15093
2025-05-13 07:00:00,2025-05-13,7,Tuesday,Weekday,15829
2025-05-13 08:00:00,2025-05-13,8,Tuesday,Weekday,14597
2025-05-13 09:00:00,2025-05-13,9,Tuesday,Weekday,14608
2025-05-13 10:00:00,2025-05-13,10,Tuesday,Weekday,13741
2025-05-13 11:00:00,2025-05-13,11,Tuesday,Weekday,13693
2025-05-13 12:00:00,2025-05-13,12,Tuesday,Weekday,13882
2025-05-13 13:00:00,2025-05-13,13,Tuesday,Weekday,12744
2025-05-13 14:00:00,2025-05-13,14,Tuesday,Weekday,14151
2025-05-13 15:00:00,2025-05-13,15,Tuesday,Weekday,13666
2025-05-13 16:00:00,2025-05-13,16,Tuesday,Weekday,12557
2025-05-13 17:00:00,2025-05-13,17,Tuesday,Weekday,11718
2025-05-13 18:00:00,2025-05-13,18,Tuesday,Weekday,11927
2025-05-13 19:00:00,2025-05-13,19,Tuesday,Weekday,12946
2025-05-13 20:00:00,2025-05-13,20,Tuesday,Weekday,11137
2025-05-13 21:00:00,2025-05-13,21,Tuesday,Weekday,8984
2025-05-13 22:00:00,2025-05-13,22,Tuesday,Weekday,7168
2025-05-13 23:00:00,2025-05-13,23,Tuesday,Weekday,4739
2025-05-14 00:00:00,2025-05-14,0,Wednesday,Weekday,3122
2025-05-14 01:00:00,2025-05-14,1,Wednesday,Weekday,1872
2025-05-14 02:00:00,2025-05-14,2,Wednesday,Weekday,1453
2025-05-14 03:00:00,2025-05-14,3,Wednesday,Weekday,1765
2025-05-14 04:00:00,2025-05-14,4,Wednesday,Weekday,3341
2025-05-14 05:00:00,2025-05-14,5,Wednesday,Weekday,8772
2025-05-14 06:00:00,2025-05-14,6,Wednesday,Weekday,14783
2025-05-14 07:00:00,2025-05-14,7,Wednesday,Weekday,15712
2025-05-14 08:00:00,2025-05-14,8,Wednesday,Weekday,13703
2025-05-14 09:00:00,2025-05-14,9,Wednesday,Weekday,14121
2025-05-14 10:00:00,2025-05-14,10,Wednesday,Weekday,14203
2025-05-14 11:00:00,2025-05-14,11,Wednesday,Weekday,13350
2025-05-14 12:00:00,2025-05-14,12,Wednesday,Weekday,13237
2025-05-14 13:00:00,2025-05-14,13,Wednesday,Weekday,14033
2025-05-14 14:00:00,2025-05-14,14,Wednesday,Weekday,14590
2025-05-14 15:00:00,2025-05-14,15,Wednesday,Weekday,14104
2025-05-14 16:00:00,2025-05-14,16,Wednesday,Weekday,12878
2025-05-14 17:00:00,2025-05-14,17,Wednesday,Weekday,12724
2025-05-14 18:00:00,2025-05-14,18,Wednesday,Weekday,13641
2025-05-14 19:00:00,2025-05-14,19,Wednesday,Weekday,13427
2025-05-14 20:00:00,2025-05-14,20,Wednesday,Weekday,12374
2025-05-14 21:00:00,2025-05-14,21,Wednesday,Weekday,10132
2025-05-14 22:00:00,2025-05-14,22,Wednesday,Weekday,8187
2025-05-14 23:00:00,2025-05-14,23,Wednesday,Weekday,5601
2025-05-15 00:00:00,2025-05-15,0,Thursday,Weekday,3484
2025-05-15 01:00:00,2025-05-15,1,Thursday,Weekday,2285
2025-05-15 02:00:00,2025-05-15,2,Thursday,Weekday,1646
2025-05-15 03:00:00,2025-05-15,3,Thursday,Weekday,2038
2025-05-15 04:00:00,2025-05-15,4,Thursday,Weekday,3177
2025-05-15 05:00:00,2025-05-15,5,Thursday,Weekday,8049
2025-05-15 06:00:00,2025-05-15,6,Thursday,Weekday,14802
2025-05-15 07:00:00,2025-05-15,7,Thursday,Weekday,16235
2025-05-15 08:00:00,2025-05-15,8,Thursday,Weekday,14960
2025-05-15 09:00:00,2025-05-15,9,Thursday,Weekday,14524
2025-05-15 10:00:00,2025-05-15,10,Thursday,Weekday,13996
2025-05-15 11:00:00,2025-05-15,11,Thursday,Weekday,13626
2025-05-15 12:00:00,2025-05-15,12,Thursday,Weekday,13473
2025-05-15 13:00:00,2025-05-15,13,Thursday,Weekday,13149
2025-05-15 14:00:00,2025-05-15,14,Thursday,Weekday,13567
2025-05-15 15:00:00,2025-05-15,15,Thursday,Weekday,12786
2025-05-15 16:00:00,2025-05-15,16,Thursday,Weekday,11929
2025-05-15 17:00:00,2025-05-15,17,Thursday,Weekday,12224
2025-05-15 18:00:00,2025-05-15,18,Thursday,Weekday,13258
2025-05-15 19:00:00,2025-05-15,19,Thursday,Weekday,12616
2025-05-15 20:00:00,2025-05-15,20,Thursday,Weekday,12136
2025-05-15 21:00:00,2025-05-15,21,Thursday,Weekday,11468
2025-05-15 22:00:00,2025-05-15,22,Thursday,Weekday,9439
2025-05-15 23:00:00,2025-05-15,23,Thursday,Weekday,6762
2025-05-16 00:00:00,2025-05-16,0,Friday,Weekday,4291
2025-05-16 01:00:00,2025-05-16,1,Friday,Weekday,2777
2025-05-16 02:00:00,2025-05-16,2,Friday,Weekday,1993
2025-05-16 03:00:00,2025-05-16,3,Friday,Weekday,2196
2025-05-16 04:00:00,2025-05-16,4,Friday,Weekday,3692
2025-05-16 05:00:00,2025-05-16,5,Friday,Weekday,8352
2025-05-16 06:00:00,2025-05-16,6,Friday,Weekday,14188
2025-05-16 07:00:00,2025-05-16,7,Friday,Weekday,16204
2025-05-16 08:00:00,2025-05-16,8,Friday,Weekday,15241
2025-05-16 09:00:00,2025-05-16,9,Friday,Weekday,13950
2025-05-16 10:00:00,2025-05-16,10,Friday,Weekday,13874
2025-05-16 11:00:00,2025-05-16,11,Friday,Weekday,13392
2025-05-16 12:00:00,2025-05-16,12,Friday,Weekday,12517
2025-05-16 13:00:00,2025-05-16,13,Friday,Weekday,13648
2025-05-16 14:00:00,2025-05-16,14,Friday,Weekday,13261
2025-05-16 15:00:00,2025-05-16,15,Friday,Weekday,12300
2025-05-16 16:00:00,2025-05-16,16,Friday,Weekday,12445
2025-05-16 17:00:00,2025-05-16,17,Friday,Weekday,12241
2025-05-16 18:00:00,2025-05-16,18,Friday,Weekday,12212
2025-05-16 19:00:00,2025-05-16,19,Friday,Weekday,13262
2025-05-16 20:00:00,2025-05-16,20,Friday,Weekday,12373
2025-05-16 21:00:00,2025-05-16,21,Friday,Weekday,12054
2025-05-16 22:00:00,2025-05-16,22,Friday,Weekday,11130
2025-05-16 23:00:00,2025-05-16,23,Friday,Weekday,10245
2025-05-17 00:00:00,2025-05-17,0,Saturday,Weekend,7084
2025-05-17 01:00:00,2025-05-17,1,Saturday,Weekend,4257
2025-05-17 02:00:00,2025-05-17,2,Saturday,Weekend,3403
2025-05-17 03:00:00,2025-05-17,3,Saturday,Weekend,2984
2025-05-17 04:00:00,2025-05-17,4,Saturday,Weekend,2956
2025-05-17 05:00:00,2025-05-17,5,Saturday,Weekend,4374
2025-05-17 06:00:00,2025-05-17,6,Saturday,Weekend,6991
2025-05-17 07:00:00,2025-05-17,7,Saturday,Weekend,8873
2025-05-17 08:00:00,2025-05-17,8,Saturday,Weekend,9114
2025-05-17 09:00:00,2025-05-17,9,Saturday,Weekend,11778
2025-05-17 10:00:00,2025-05-17,10,Saturday,Weekend,12414
2025-05-17 11:00:00,2025-05-17,11,Saturday,Weekend,14918
2025-05-17 12:00:00,2025-05-17,12,Saturday,Weekend,14525
2025-05-17 13:00:00,2025-05-17,13,Saturday,Weekend,14950
2025-05-17 14:00:00,2025-05-17,14,Saturday,Weekend,15535
2025-05-17 15:00:00,2025-05-17,15,Saturday,Weekend,15580
2025-05-17 16:00:00,2025-05-17,16,Saturday,Weekend,15272
2025-05-17 17:00:00,2025-05-17,17,Saturday,Weekend,15901
2025-05-17 18:00:00,2025-05-17,18,Saturday,Weekend,15220
2025-05-17 19:00:00,2025-05-17,19,Saturday,Weekend,14487
2025-05-17 20:00:00,2025-05-17,20,Saturday,Weekend,12689
2025-05-17 21:00:00,2025-05-17,21,Saturday,Weekend,11693
2025-05-17 22:00:00,2025-05-17,22,Saturday,Weekend,10114
2025-05-17 23:00:00,2025-05-17,23,Saturday,Weekend,9947
2025-05-18 00:00:00,2025-05-18,0,Sunday,Weekend,7920
2025-05-18 01:00:00,2025-05-18,1,Sunday,Weekend,4775
2025-05-18 02:00:00,2025-05-18,2,Sunday,Weekend,3521
2025-05-18 03:00:00,2025-05-18,3,Sunday,Weekend,3425
2025-05-18 04:00:00,2025-05-18,4,Sunday,Weekend,2742
2025-05-18 05:00:00,2025-05-18,5,Sunday,Weekend,3688
2025-05-18 06:00:00,2025-05-18,6,Sunday,Weekend,5459
2025-05-18 07:00:00,2025-05-18,7,Sunday,Weekend,6572
2025-05-18 08:00:00,2025-05-18,8,Sunday,Weekend,8219
2025-05-18 09:00:00,2025-05-18,9,Sunday,Weekend,10291
2025-05-18 10:00:00,2025-05-18,10,Sunday,Weekend,12400
2025-05-18 11:00:00,2025-05-18,11,Sunday,Weekend,14007
2025-05-18 12:00:00,2025-05-18,12,Sunday,Weekend,14976
2025-05-18 13:00:00,2025-05-18,13,Sunday,Weekend,15295
2025-05-18 14:00:00,2025-05-18,14,Sunday,Weekend,15371
2025-05-18 15:00:00,2025-05-18,15,Sunday,Weekend,15482
2025-05-18 16:00:00,2025-05-18,16,Sunday,Weekend,14895
2025-05-18 17:00:00,2025-05-18,17,Sunday,Weekend,15268
2025-05-18 18:00:00,2025-05-18,18,Sunday,Weekend,14321
2025-05-18 19:00:00,2025-05-18,19,Sunday,Weekend,13139
2025-05-18 20:00:00,2025-05-18,20,Sunday,Weekend,10995
2025-05-18 21:00:00,2025-05-18,21,Sunday,Weekend,10645
2025-05-18 22:00:00,2025-05-18,22,Sunday,Weekend,8512
2025-05-18 23:00:00,2025-05-18,23,Sunday,Weekend,6279
2025-05-19 00:00:00,2025-05-19,0,Monday,Weekday,3897
2025-05-19 01:00:00,2025-05-19,1,Monday,Weekday,2824
2025-05-19 02:00:00,2025-05-19,2,Monday,Weekday,2012
2025-05-19 03:00:00,2025-05-19,3,Monday,Weekday,2171
2025-05-19 04:00:00,2025-05-19,4,Monday,Weekday,3983
2025-05-19 05:00:00,2025-05-19,5,Monday,Weekday,9686
2025-05-19 06:00:00,2025-05-19,6,Monday,Weekday,14398
2025-05-19 07:00:00,2025-05-19,7,Monday,Weekday,14934
2025-05-19 08:00:00,2025-05-19,8,Monday,Weekday,14540
2025-05-19 09:00:00,2025-05-19,9,Monday,Weekday,14773
2025-05-19 10:00:00,2025-05-19,10,Monday,Weekday,13622
2025-05-19 11:00:00,2025-05-19,11,Monday,Weekday,13288
2025-05-19 12:00:00,2025-05-19,12,Monday,Weekday,13432
2025-05-19 13:00:00,2025-05-19,13,Monday,Weekday,13660
2025-05-19 14:00:00,2025-05-19,14,Monday,Weekday,13301
2025-05-19 15:00:00,2025-05-19,15,Monday,Weekday,13681
2025-05-19 16:00:00,2025-05-19,16,Monday,Weekday,12846
2025-05-19 17:00:00,2025-05-19,17,Monday,Weekday,13236
2025-05-19 18:00:00,2025-05-19,18,Monday,Weekday,13418
2025-05-19 19:00:00,2025-05-19,19,Monday,Weekday,11976
2025-05-19 20:00:00,2025-05-19,20,Monday,Weekday,11543
2025-05-19 21:00:00,2025-05-19,21,Monday,Weekday,9227
2025-05-19 22:00:00,2025-05-19,22,Monday,Weekday,7399
2025-05-19 23:00:00,2025-05-19,23,Monday,Weekday,5128
2025-05-20 00:00:00,2025-05-20,0,Tuesday,Weekday,3221
2025-05-20 01:00:00,2025-05-20,1,Tuesday,Weekday,2033
2025-05-20 02:00:00,2025-05-20,2,Tuesday,Weekday,1514
2025-05-20 03:00:00,2025-05-20,3,Tuesday,Weekday,1767
2025-05-20 04:00:00,2025-05-20,4,Tuesday,Weekday,3266
2025-05-20 05:00:00,2025-05-20,5,Tuesday,Weekday,7902
2025-05-20 06:00:00,2025-05-20,6,Tuesday,Weekday,15028
2025-05-20 07:00:00,2025-05-20,7,Tuesday,Weekday,16214
2025-05-20 08:00:00,2025-05-20,8,Tuesday,Weekday,14574
2025-05-20 09:00:00,2025-05-20,9,Tuesday,Weekday,14719
2025-05-20 10:00:00,2025-05-20,10,Tuesday,Weekday,14413
2025-05-20 11:00:00,2025-05-20,11,Tuesday,Weekday,13866
2025-05-20 12:00:00,2025-05-20,12,Tuesday,Weekday,13836
2025-05-20 13:00:00,2025-05-20,13,Tuesday,Weekday,13550
2025-05-20 14:00:00,2025-05-20,14,Tuesday,Weekday,13863
2025-05-20 15:00:00,2025-05-20,15,Tuesday,Weekday,13368
2025-05-20 16:00:00,2025-05-20,16,Tuesday,Weekday,12762
2025-05-20 17:00:00,2025-05-20,17,Tuesday,Weekday,12384
2025-05-20 18:00:00,2025-05-20,18,Tuesday,Weekday,12492
2025-05-20 19:00:00,2025-05-20,19,Tuesday,Weekday,13064
2025-05-20 20:00:00,2025-05-20,20,Tuesday,Weekday,11564
2025-05-20 21:00:00,2025-05-20,21,Tuesday,Weekday,9623
2025-05-20 22:00:00,2025-05-20,22,Tuesday,Weekday,8045
2025-05-20 23:00:00,2025-05-20,23,Tuesday,Weekday,5514
2025-05-21 00:00:00,2025-05-21,0,Wednesday,Weekday,3422
2025-05-21 01:00:00,2025-05-21,1,Wednesday,Weekday,2023
2025-05-21 02:00:00,2025-05-21,2,Wednesday,Weekday,1457
2025-05-21 03:00:00,2025-05-21,3,Wednesday,Weekday,1745
2025-05-21 04:00:00,2025-05-21,4,Wednesday,Weekday,3414
2025-05-21 05:00:00,2025-05-21,5,Wednesday,Weekday,8886
2025-05-21 06:00:00,2025-05-21,6,Wednesday,Weekday,14803
2025-05-21 07:00:00,2025-05-21,7,Wednesday,Weekday,15891
2025-05-21 08:00:00,2025-05-21,8,Wednesday,Weekday,14932
2025-05-21 09:00:00,2025-05-21,9,Wednesday,Weekday,14798
2025-05-21 10:00:00,2025-05-21,10,Wednesday,Weekday,14367
2025-05-21 11:00:00,2025-05-21,11,Wednesday,Weekday,14271
2025-05-21 12:00:00,2025-05-21,12,Wednesday,Weekday,14058
2025-05-21 13:00:00,2025-05-21,13,Wednesday,Weekday,13914
2025-05-21 14:00:00,2025-05-21,14,Wednesday,Weekday,12851
2025-05-21 15:00:00,2025-05-21,15,Wednesday,Weekday,12857
2025-05-21 16:00:00,2025-05-21,16,Wednesday,Weekday,12086
2025-05-21 17:00:00,2025-05-21,17,Wednesday,Weekday,12537
2025-05-21 18:00:00,2025-05-21,18,Wednesday,Weekday,13219
2025-05-21 19:00:00,2025-05-21,19,Wednesday,Weekday,14518
2025-05-21 20:00:00,2025-05-21,20,Wednesday,Weekday,12141
2025-05-21 21:00:00,2025-05-21,21,Wednesday,Weekday,9944
2025-05-21 22:00:00,2025-05-21,22,Wednesday,Weekday,9000
2025-05-21 23:00:00,2025-05-21,23,Wednesday,Weekday,6248
2025-05-22 00:00:00,2025-05-22,0,Thursday,Weekday,3716
2025-05-22 01:00:00,2025-05-22,1,Thursday,Weekday,2302
2025-05-22 02:00:00,2025-05-22,2,Thursday,Weekday,1594
2025-05-22 03:00:00,2025-05-22,3,Thursday,Weekday,2096
2025-05-22 04:00:00,2025-05-22,4,Thursday,Weekday,3726
2025-05-22 05:00:00,2025-05-22,5,Thursday,Weekday,8612
2025-05-22 06:00:00,2025-05-22,6,Thursday,Weekday,14907
2025-05-22 07:00:00,2025-05-22,7,Thursday,Weekday,16000
2025-05-22 08:00:00,2025-05-22,8,Thursday,Weekday,14487
2025-05-22 09:00:00,2025-05-22,9,Thursday,Weekday,14028
2025-05-22 10:00:00,2025-05-22,10,Thursday,Weekday,14196
2025-05-22 11:00:00,2025-05-22,11,Thursday,Weekday,13384
2025-05-22 12:00:00,2025-05-22,12,Thursday,Weekday,13579
2025-05-22 13:00:00,2025-05-22,13,Thursday,Weekday,12959
2025-05-22 14:00:00,2025-05-22,14,Thursday,Weekday,12584
2025-05-22 15:00:00,2025-05-22,15,Thursday,Weekday,12462
2025-05-22 16:00:00,2025-05-22,16,Thursday,Weekday,12225
2025-05-22 17:00:00,2025-05-22,17,Thursday,Weekday,11564
2025-05-22 18:00:00,2025-05-22,18,Thursday,Weekday,11711
2025-05-22 19:00:00,2025-05-22,19,Thursday,Weekday,13356
2025-05-22 20:00:00,2025-05-22,20,Thursday,Weekday,12255
2025-05-22 21:00:00,2025-05-22,21,Thursday,Weekday,11422
2025-05-22 22:00:00,2025-05-22,22,Thursday,Weekday,10710
2025-05-22 23:00:00,2025-05-22,23,Thursday,Weekday,7330
2025-05-23 00:00:00,2025-05-23,0,Friday,Weekday,4773
2025-05-23 01:00:00,2025-05-23,1,Friday,Weekday,3161
2025-05-23 02:00:00,2025-05-23,2,Friday,Weekday,2323
2025-05-23 03:00:00,2025-05-23,3,Friday,Weekday,2352
2025-05-23 04:00:00,2025-05-23,4,Friday,Weekday,3806
2025-05-23 05:00:00,2025-05-23,5,Friday,Weekday,8446
2025-05-23 06:00:00,2025-05-23,6,Friday,Weekday,14063
2025-05-23 07:00:00,2025-05-23,7,Friday,Weekday,14749
2025-05-23 08:00:00,2025-05-23,8,Friday,Weekday,13449
2025-05-23 09:00:00,2025-05-23,9,Friday,Weekday,13101
2025-05-23 10:00:00,2025-05-23,10,Friday,Weekday,12896
2025-05-23 11:00:00,2025-05-23,11,Friday,Weekday,12653
2025-05-23 12:00:00,2025-05-23,12,Friday,Weekday,12895
2025-05-23 13:00:00,2025-05-23,13,Friday,Weekday,12314
2025-05-23 14:00:00,2025-05-23,14,Friday,Weekday,11565
2025-05-23 15:00:00,2025-05-23,15,Friday,Weekday,11435
2025-05-23 16:00:00,2025-05-23,16,Friday,Weekday,11168
2025-05-23 17:00:00,2025-05-23,17,Friday,Weekday,11287
2025-05-23 18:00:00,2025-05-23,18,Friday,Weekday,12434
2025-05-23 19:00:00,2025-05-23,19,Friday,Weekday,13798
2025-05-23 20:00:00,2025-05-23,20,Friday,Weekday,12660
2025-05-23 21:00:00,2025-05-23,21,Friday,Weekday,11015
2025-05-23 22:00:00,2025-05-23,22,Friday,Weekday,10128
2025-05-23 23:00:00,2025-05-23,23,Friday,Weekday,9375
